K,seed,n_iter,status,runtime_sec,ifn_pattern,ifn_corr,top_genes,result_path,metrics_path
7,1,2000,ok,2450.1521668434143,Pattern6,0.7378069909760506,"['ISG15', 'ISG20', 'IFI6', 'IFIT3', 'LY6E', 'IFIT1', 'MX1', 'FTH1', 'IFIT2', 'IRF7', 'SAT1', 'OAS1', 'TNFSF10', 'PLSCR1', 'BST2', 'MT2A', 'EPSTI1', 'RSAD2', 'OASL', 'HSPA8', 'IFITM2', 'IFI35', 'DYNLT1', 'GBP1', 'SAMD9L', 'DNAJA1', 'SOCS1', 'NT5C3A', 'SELL', 'CMPK2', 'DDX58', 'CD48', 'CARD16', 'IFITM3', 'ANXA1', 'LAP3', 'HSP90AA1', 'GBP4', 'CREM', 'CCR7', 'CLEC2D', 'PLAC8', 'CD74', 'CLIC1', 'TYMP', 'CXCL10', 'CD69', 'HSP90AB1', 'APOBEC3G', 'CLEC2B']",results_cogaps_singleprocess_hpc/runs/cogaps_K7_seed1_iter2000.h5ad,results_cogaps_singleprocess_hpc/runs/cogaps_K7_seed1_iter2000.metrics.json
7,2,2000,ok,2368.614477157593,Pattern2,0.7484908812876252,"['ISG15', 'ISG20', 'IFI6', 'IFIT3', 'LY6E', 'IFIT1', 'MX1', 'FTH1', 'IFIT2', 'IRF7', 'SAT1', 'TNFSF10', 'OAS1', 'PLSCR1', 'BST2', 'MT2A', 'EPSTI1', 'RSAD2', 'OASL', 'IFITM2', 'DYNLT1', 'IFI35', 'GBP1', 'SAMD9L', 'HSPA8', 'DNAJA1', 'SOCS1', 'NT5C3A', 'SELL', 'DDX58', 'IFITM3', 'CARD16', 'CMPK2', 'CD48', 'GBP4', 'LAP3', 'CREM', 'CLEC2D', 'PLAC8', 'CD74', 'HSP90AA1', 'CLIC1', 'CXCL10', 'TYMP', 'CCR7', 'CD69', 'APOBEC3G', 'CTSS', 'IFIH1', 'CLEC2B']",results_cogaps_singleprocess_hpc/runs/cogaps_K7_seed2_iter2000.h5ad,results_cogaps_singleprocess_hpc/runs/cogaps_K7_seed2_iter2000.metrics.json
7,3,2000,ok,2429.1617963314056,Pattern2,0.7484908812876252,"['ISG15', 'ISG20', 'IFI6', 'IFIT3', 'LY6E', 'IFIT1', 'MX1', 'FTH1', 'IFIT2', 'IRF7', 'SAT1', 'TNFSF10', 'OAS1', 'PLSCR1', 'BST2', 'MT2A', 'EPSTI1', 'RSAD2', 'OASL', 'IFITM2', 'DYNLT1', 'IFI35', 'GBP1', 'SAMD9L', 'HSPA8', 'DNAJA1', 'SOCS1', 'NT5C3A', 'SELL', 'DDX58', 'IFITM3', 'CARD16', 'CMPK2', 'CD48', 'GBP4', 'LAP3', 'CREM', 'CLEC2D', 'PLAC8', 'CD74', 'HSP90AA1', 'CLIC1', 'CXCL10', 'TYMP', 'CCR7', 'CD69', 'APOBEC3G', 'CTSS', 'IFIH1', 'CLEC2B']",results_cogaps_singleprocess_hpc/runs/cogaps_K7_seed3_iter2000.h5ad,results_cogaps_singleprocess_hpc/runs/cogaps_K7_seed3_iter2000.metrics.json
7,4,2000,ok,2359.01194190979,Pattern4,0.7350654746681168,"['ISG15', 'ISG20', 'IFI6', 'IFIT3', 'LY6E', 'IFIT1', 'MX1', 'FTH1', 'IFIT2', 'IRF7', 'SAT1', 'OAS1', 'TNFSF10', 'PLSCR1', 'BST2', 'MT2A', 'EPSTI1', 'RSAD2', 'HSPA8', 'OASL', 'IFITM2', 'IFI35', 'DYNLT1', 'GBP1', 'SAMD9L', 'DNAJA1', 'SOCS1', 'NT5C3A', 'SELL', 'CMPK2', 'DDX58', 'CD48', 'CARD16', 'IFITM3', 'ANXA1', 'HSP90AA1', 'GBP4', 'LAP3', 'CREM', 'CCR7', 'CLEC2D', 'PLAC8', 'CD74', 'CLIC1', 'TYMP', 'CXCL10', 'HSP90AB1', 'CD69', 'APOBEC3G', 'CLEC2B']",results_cogaps_singleprocess_hpc/runs/cogaps_K7_seed4_iter2000.h5ad,results_cogaps_singleprocess_hpc/runs/cogaps_K7_seed4_iter2000.metrics.json
7,5,2000,ok,2422.4392964839935,Pattern4,0.7350654746681168,"['ISG15', 'ISG20', 'IFI6', 'IFIT3', 'LY6E', 'IFIT1', 'MX1', 'FTH1', 'IFIT2', 'IRF7', 'SAT1', 'OAS1', 'TNFSF10', 'PLSCR1', 'BST2', 'MT2A', 'EPSTI1', 'RSAD2', 'HSPA8', 'OASL', 'IFITM2', 'IFI35', 'DYNLT1', 'GBP1', 'SAMD9L', 'DNAJA1', 'SOCS1', 'NT5C3A', 'SELL', 'CMPK2', 'DDX58', 'CD48', 'CARD16', 'IFITM3', 'ANXA1', 'HSP90AA1', 'GBP4', 'LAP3', 'CREM', 'CCR7', 'CLEC2D', 'PLAC8', 'CD74', 'CLIC1', 'TYMP', 'CXCL10', 'HSP90AB1', 'CD69', 'APOBEC3G', 'CLEC2B']",results_cogaps_singleprocess_hpc/runs/cogaps_K7_seed5_iter2000.h5ad,results_cogaps_singleprocess_hpc/runs/cogaps_K7_seed5_iter2000.metrics.json
7,1,10000,ok,13534.810891628265,Pattern7,0.74708090655155,"['ISG15', 'ISG20', 'IFI6', 'IFIT3', 'LY6E', 'IFIT1', 'MX1', 'FTH1', 'IFIT2', 'IRF7', 'SAT1', 'TNFSF10', 'OAS1', 'PLSCR1', 'BST2', 'MT2A', 'EPSTI1', 'RSAD2', 'IFITM2', 'OASL', 'DYNLT1', 'IFI35', 'GBP1', 'HSPA8', 'SAMD9L', 'DNAJA1', 'SOCS1', 'NT5C3A', 'SELL', 'DDX58', 'CMPK2', 'IFITM3', 'CARD16', 'CD48', 'LAP3', 'GBP4', 'CREM', 'PLAC8', 'CLEC2D', 'CD74', 'CCR7', 'HSP90AA1', 'CXCL10', 'TYMP', 'CLIC1', 'CD69', 'APOBEC3G', 'CTSS', 'IFIH1', 'HSP90AB1']",results_cogaps_singleprocess_hpc/runs/cogaps_K7_seed1_iter10000.h5ad,results_cogaps_singleprocess_hpc/runs/cogaps_K7_seed1_iter10000.metrics.json
7,2,10000,ok,13715.082072496414,Pattern6,0.745802680953876,"['ISG15', 'ISG20', 'IFI6', 'IFIT3', 'LY6E', 'IFIT1', 'MX1', 'FTH1', 'IFIT2', 'IRF7', 'SAT1', 'TNFSF10', 'OAS1', 'PLSCR1', 'BST2', 'MT2A', 'EPSTI1', 'RSAD2', 'IFITM2', 'OASL', 'DYNLT1', 'IFI35', 'GBP1', 'HSPA8', 'SAMD9L', 'DNAJA1', 'SOCS1', 'NT5C3A', 'SELL', 'DDX58', 'CMPK2', 'IFITM3', 'CARD16', 'CD48', 'LAP3', 'GBP4', 'CREM', 'PLAC8', 'CLEC2D', 'CD74', 'CCR7', 'HSP90AA1', 'CXCL10', 'TYMP', 'CLIC1', 'CD69', 'APOBEC3G', 'CTSS', 'IFIH1', 'HSP90AB1']",results_cogaps_singleprocess_hpc/runs/cogaps_K7_seed2_iter10000.h5ad,results_cogaps_singleprocess_hpc/runs/cogaps_K7_seed2_iter10000.metrics.json
7,3,10000,ok,13629.096272945404,Pattern6,0.745802680953876,"['ISG15', 'ISG20', 'IFI6', 'IFIT3', 'LY6E', 'IFIT1', 'MX1', 'FTH1', 'IFIT2', 'IRF7', 'SAT1', 'TNFSF10', 'OAS1', 'PLSCR1', 'BST2', 'MT2A', 'EPSTI1', 'RSAD2', 'IFITM2', 'OASL', 'DYNLT1', 'IFI35', 'GBP1', 'HSPA8', 'SAMD9L', 'DNAJA1', 'SOCS1', 'NT5C3A', 'SELL', 'DDX58', 'CMPK2', 'IFITM3', 'CARD16', 'CD48', 'LAP3', 'GBP4', 'CREM', 'PLAC8', 'CLEC2D', 'CD74', 'CCR7', 'HSP90AA1', 'CXCL10', 'TYMP', 'CLIC1', 'CD69', 'APOBEC3G', 'CTSS', 'IFIH1', 'HSP90AB1']",results_cogaps_singleprocess_hpc/runs/cogaps_K7_seed3_iter10000.h5ad,results_cogaps_singleprocess_hpc/runs/cogaps_K7_seed3_iter10000.metrics.json
7,4,10000,ok,13545.826211452484,Pattern3,0.7503193536024093,"['ISG15', 'ISG20', 'IFI6', 'IFIT3', 'LY6E', 'IFIT1', 'MX1', 'FTH1', 'IFIT2', 'IRF7', 'SAT1', 'TNFSF10', 'OAS1', 'PLSCR1', 'BST2', 'MT2A', 'EPSTI1', 'RSAD2', 'OASL', 'IFITM2', 'DYNLT1', 'IFI35', 'GBP1', 'SAMD9L', 'SOCS1', 'NT5C3A', 'DNAJA1', 'IFITM3', 'CARD16', 'DDX58', 'CMPK2', 'HSPA8', 'SELL', 'CD48', 'GBP4', 'LAP3', 'CD74', 'CLIC1', 'PLAC8', 'CLEC2D', 'CXCL10', 'CREM', 'ANXA1', 'TYMP', 'APOBEC3G', 'CD69', 'HSP90AA1', 'CTSS', 'IFIH1', 'CLEC2B']",results_cogaps_singleprocess_hpc/runs/cogaps_K7_seed4_iter10000.h5ad,results_cogaps_singleprocess_hpc/runs/cogaps_K7_seed4_iter10000.metrics.json
7,5,10000,ok,13331.351243019104,Pattern3,0.7503193536024093,"['ISG15', 'ISG20', 'IFI6', 'IFIT3', 'LY6E', 'IFIT1', 'MX1', 'FTH1', 'IFIT2', 'IRF7', 'SAT1', 'TNFSF10', 'OAS1', 'PLSCR1', 'BST2', 'MT2A', 'EPSTI1', 'RSAD2', 'OASL', 'IFITM2', 'DYNLT1', 'IFI35', 'GBP1', 'SAMD9L', 'SOCS1', 'NT5C3A', 'DNAJA1', 'IFITM3', 'CARD16', 'DDX58', 'CMPK2', 'HSPA8', 'SELL', 'CD48', 'GBP4', 'LAP3', 'CD74', 'CLIC1', 'PLAC8', 'CLEC2D', 'CXCL10', 'CREM', 'ANXA1', 'TYMP', 'APOBEC3G', 'CD69', 'HSP90AA1', 'CTSS', 'IFIH1', 'CLEC2B']",results_cogaps_singleprocess_hpc/runs/cogaps_K7_seed5_iter10000.h5ad,results_cogaps_singleprocess_hpc/runs/cogaps_K7_seed5_iter10000.metrics.json
7,1,20000,ok,27646.336188554764,Pattern5,0.7587147803534228,"['ISG15', 'ISG20', 'IFI6', 'IFIT3', 'LY6E', 'IFIT1', 'MX1', 'FTH1', 'IFIT2', 'IRF7', 'SAT1', 'TNFSF10', 'OAS1', 'PLSCR1', 'BST2', 'MT2A', 'EPSTI1', 'RSAD2', 'IFITM2', 'OASL', 'IFI35', 'DYNLT1', 'GBP1', 'SAMD9L', 'DNAJA1', 'HSPA8', 'NT5C3A', 'SOCS1', 'IFITM3', 'DDX58', 'CARD16', 'CMPK2', 'LAP3', 'CD48', 'SELL', 'GBP4', 'CD74', 'CLIC1', 'PLAC8', 'TYMP', 'CREM', 'CXCL10', 'CLEC2D', 'HSP90AA1', 'CD69', 'APOBEC3G', 'CTSS', 'IFIH1', 'CLEC2B', 'CASP1']",results_cogaps_singleprocess_hpc/runs/cogaps_K7_seed1_iter20000.h5ad,results_cogaps_singleprocess_hpc/runs/cogaps_K7_seed1_iter20000.metrics.json
7,2,20000,ok,27895.962193965912,Pattern3,0.7460441466649463,"['ISG15', 'ISG20', 'IFI6', 'IFIT3', 'LY6E', 'IFIT1', 'MX1', 'FTH1', 'IFIT2', 'IRF7', 'SAT1', 'TNFSF10', 'OAS1', 'PLSCR1', 'BST2', 'MT2A', 'EPSTI1', 'RSAD2', 'IFITM2', 'OASL', 'DYNLT1', 'IFI35', 'HSPA8', 'GBP1', 'SAMD9L', 'DNAJA1', 'SOCS1', 'NT5C3A', 'SELL', 'DDX58', 'CMPK2', 'IFITM3', 'CARD16', 'CD48', 'LAP3', 'GBP4', 'CREM', 'PLAC8', 'CLEC2D', 'CD74', 'CCR7', 'HSP90AA1', 'CXCL10', 'TYMP', 'CLIC1', 'CD69', 'APOBEC3G', 'CTSS', 'IFIH1', 'HSP90AB1']",results_cogaps_singleprocess_hpc/runs/cogaps_K7_seed2_iter20000.h5ad,results_cogaps_singleprocess_hpc/runs/cogaps_K7_seed2_iter20000.metrics.json
7,3,20000,ok,28212.605680942535,Pattern3,0.7460441466649463,"['ISG15', 'ISG20', 'IFI6', 'IFIT3', 'LY6E', 'IFIT1', 'MX1', 'FTH1', 'IFIT2', 'IRF7', 'SAT1', 'TNFSF10', 'OAS1', 'PLSCR1', 'BST2', 'MT2A', 'EPSTI1', 'RSAD2', 'IFITM2', 'OASL', 'DYNLT1', 'IFI35', 'HSPA8', 'GBP1', 'SAMD9L', 'DNAJA1', 'SOCS1', 'NT5C3A', 'SELL', 'DDX58', 'CMPK2', 'IFITM3', 'CARD16', 'CD48', 'LAP3', 'GBP4', 'CREM', 'PLAC8', 'CLEC2D', 'CD74', 'CCR7', 'HSP90AA1', 'CXCL10', 'TYMP', 'CLIC1', 'CD69', 'APOBEC3G', 'CTSS', 'IFIH1', 'HSP90AB1']",results_cogaps_singleprocess_hpc/runs/cogaps_K7_seed3_iter20000.h5ad,results_cogaps_singleprocess_hpc/runs/cogaps_K7_seed3_iter20000.metrics.json
7,4,20000,ok,28718.098849773407,Pattern3,0.7509946918105544,"['ISG15', 'ISG20', 'IFI6', 'IFIT3', 'LY6E', 'IFIT1', 'MX1', 'FTH1', 'IFIT2', 'IRF7', 'SAT1', 'TNFSF10', 'OAS1', 'PLSCR1', 'BST2', 'MT2A', 'EPSTI1', 'RSAD2', 'OASL', 'IFITM2', 'DYNLT1', 'IFI35', 'GBP1', 'SAMD9L', 'SOCS1', 'NT5C3A', 'DNAJA1', 'CARD16', 'IFITM3', 'DDX58', 'CMPK2', 'HSPA8', 'SELL', 'CD48', 'GBP4', 'LAP3', 'CD74', 'CLIC1', 'PLAC8', 'CLEC2D', 'CREM', 'CXCL10', 'TYMP', 'ANXA1', 'APOBEC3G', 'CD69', 'CTSS', 'HSP90AA1', 'IFIH1', 'CLEC2B']",results_cogaps_singleprocess_hpc/runs/cogaps_K7_seed4_iter20000.h5ad,results_cogaps_singleprocess_hpc/runs/cogaps_K7_seed4_iter20000.metrics.json
7,5,20000,ok,28656.2220890522,Pattern3,0.7509946918105544,"['ISG15', 'ISG20', 'IFI6', 'IFIT3', 'LY6E', 'IFIT1', 'MX1', 'FTH1', 'IFIT2', 'IRF7', 'SAT1', 'TNFSF10', 'OAS1', 'PLSCR1', 'BST2', 'MT2A', 'EPSTI1', 'RSAD2', 'OASL', 'IFITM2', 'DYNLT1', 'IFI35', 'GBP1', 'SAMD9L', 'SOCS1', 'NT5C3A', 'DNAJA1', 'CARD16', 'IFITM3', 'DDX58', 'CMPK2', 'HSPA8', 'SELL', 'CD48', 'GBP4', 'LAP3', 'CD74', 'CLIC1', 'PLAC8', 'CLEC2D', 'CREM', 'CXCL10', 'TYMP', 'ANXA1', 'APOBEC3G', 'CD69', 'CTSS', 'HSP90AA1', 'IFIH1', 'CLEC2B']",results_cogaps_singleprocess_hpc/runs/cogaps_K7_seed5_iter20000.h5ad,results_cogaps_singleprocess_hpc/runs/cogaps_K7_seed5_iter20000.metrics.json
9,1,2000,ok,2736.4511053562164,Pattern8,0.6836530836728406,"['IFIT3', 'IFIT1', 'MX1', 'ISG15', 'ISG20', 'IFIT2', 'IFI6', 'SAT1', 'TNFSF10', 'HSPA8', 'IRF7', 'EPSTI1', 'RSAD2', 'GBP1', 'OAS1', 'SELL', 'DNAJA1', 'CCR7', 'PLSCR1', 'SOCS1', 'DYNLT1', 'NT5C3A', 'CMPK2', 'MT2A', 'GBP4', 'DDX58', 'IFI35', 'HSP90AB1', 'SAMD9L', 'CD48', 'BST2', 'CREM', 'LY6E', 'PLAC8', 'CLEC2D', 'OASL', 'CXCL10', 'HSP90AA1', 'IFITM2', 'CD69', 'LTB', 'CARD16', 'IFIH1', 'LAP3', 'SRSF7', 'CD74', 'IFITM3', 'CLEC2B', 'GBP5', 'PMAIP1']",results_cogaps_singleprocess_hpc/runs/cogaps_K9_seed1_iter2000.h5ad,results_cogaps_singleprocess_hpc/runs/cogaps_K9_seed1_iter2000.metrics.json
9,2,2000,ok,2939.6153790950775,Pattern6,0.7358241735364119,"['ISG15', 'ISG20', 'IFI6', 'LY6E', 'IFIT3', 'IFIT1', 'MX1', 'FTH1', 'SAT1', 'IFIT2', 'IRF7', 'TNFSF10', 'OAS1', 'MT2A', 'PLSCR1', 'BST2', 'EPSTI1', 'IFITM2', 'RSAD2', 'OASL', 'HSPA8', 'IFI35', 'DYNLT1', 'SOCS1', 'SELL', 'GBP1', 'SAMD9L', 'DNAJA1', 'NT5C3A', 'CARD16', 'CD48', 'CLEC2D', 'PLAC8', 'DDX58', 'CCR7', 'CMPK2', 'CD74', 'IFITM3', 'CREM', 'GBP4', 'CLIC1', 'LAP3', 'TYMP', 'CD69', 'HSP90AA1', 'CTSS', 'CLEC2B', 'APOBEC3G', 'HSP90AB1', 'SEC61B']",results_cogaps_singleprocess_hpc/runs/cogaps_K9_seed2_iter2000.h5ad,results_cogaps_singleprocess_hpc/runs/cogaps_K9_seed2_iter2000.metrics.json
9,3,2000,ok,3017.224263906479,Pattern6,0.7358241735364119,"['ISG15', 'ISG20', 'IFI6', 'LY6E', 'IFIT3', 'IFIT1', 'MX1', 'FTH1', 'SAT1', 'IFIT2', 'IRF7', 'TNFSF10', 'OAS1', 'MT2A', 'PLSCR1', 'BST2', 'EPSTI1', 'IFITM2', 'RSAD2', 'OASL', 'HSPA8', 'IFI35', 'DYNLT1', 'SOCS1', 'SELL', 'GBP1', 'SAMD9L', 'DNAJA1', 'NT5C3A', 'CARD16', 'CD48', 'CLEC2D', 'PLAC8', 'DDX58', 'CCR7', 'CMPK2', 'CD74', 'IFITM3', 'CREM', 'GBP4', 'CLIC1', 'LAP3', 'TYMP', 'CD69', 'HSP90AA1', 'CTSS', 'CLEC2B', 'APOBEC3G', 'HSP90AB1', 'SEC61B']",results_cogaps_singleprocess_hpc/runs/cogaps_K9_seed3_iter2000.h5ad,results_cogaps_singleprocess_hpc/runs/cogaps_K9_seed3_iter2000.metrics.json
9,4,2000,ok,2739.7373485565186,Pattern4,0.6978379677503994,"['ISG15', 'ISG20', 'IFI6', 'LY6E', 'FTH1', 'BST2', 'IFIT3', 'MT2A', 'ANXA1', 'OAS1', 'IFITM2', 'PLSCR1', 'IRF7', 'OASL', 'IFIT1', 'IFI35', 'MX1', 'DYNLT1', 'CARD16', 'HSPA8', 'IFITM3', 'CLEC2D', 'SAT1', 'CD74', 'CD48', 'TYMP', 'SELL', 'PLAC8', 'RSAD2', 'FTL', 'APOBEC3G', 'CLIC1', 'SAMD9L', 'S100A11', 'CCL5', 'PRF1', 'ALOX5AP', 'NKG7', 'TNFSF10', 'CCR7', 'SOCS1', 'GZMB', 'CTSS', 'SEC61B', 'COX5A', 'GNLY', 'CREM', 'IL32', 'CST7', 'HERPUD1']",results_cogaps_singleprocess_hpc/runs/cogaps_K9_seed4_iter2000.h5ad,results_cogaps_singleprocess_hpc/runs/cogaps_K9_seed4_iter2000.metrics.json
9,5,2000,ok,3021.6567907333374,Pattern4,0.6978379677503994,"['ISG15', 'ISG20', 'IFI6', 'LY6E', 'FTH1', 'BST2', 'IFIT3', 'MT2A', 'ANXA1', 'OAS1', 'IFITM2', 'PLSCR1', 'IRF7', 'OASL', 'IFIT1', 'IFI35', 'MX1', 'DYNLT1', 'CARD16', 'HSPA8', 'IFITM3', 'CLEC2D', 'SAT1', 'CD74', 'CD48', 'TYMP', 'SELL', 'PLAC8', 'RSAD2', 'FTL', 'APOBEC3G', 'CLIC1', 'SAMD9L', 'S100A11', 'CCL5', 'PRF1', 'ALOX5AP', 'NKG7', 'TNFSF10', 'CCR7', 'SOCS1', 'GZMB', 'CTSS', 'SEC61B', 'COX5A', 'GNLY', 'CREM', 'IL32', 'CST7', 'HERPUD1']",results_cogaps_singleprocess_hpc/runs/cogaps_K9_seed5_iter2000.h5ad,results_cogaps_singleprocess_hpc/runs/cogaps_K9_seed5_iter2000.metrics.json
9,1,10000,ok,16125.769672632217,Pattern2,0.7338744150959873,"['ISG15', 'ISG20', 'IFI6', 'IFIT3', 'LY6E', 'IFIT1', 'MX1', 'FTH1', 'SAT1', 'IFIT2', 'IRF7', 'TNFSF10', 'OAS1', 'PLSCR1', 'MT2A', 'BST2', 'EPSTI1', 'IFITM2', 'OASL', 'RSAD2', 'IFI35', 'DYNLT1', 'SOCS1', 'SAMD9L', 'GBP1', 'SELL', 'NT5C3A', 'CARD16', 'CD48', 'DNAJA1', 'DDX58', 'CMPK2', 'ANXA1', 'CLEC2D', 'PLAC8', 'CD74', 'CREM', 'IFITM3', 'GBP4', 'CCR7', 'LAP3', 'CLIC1', 'TYMP', 'CD69', 'APOBEC3G', 'CTSS', 'CLEC2B', 'CASP1', 'IFIH1', 'CXCL10']",results_cogaps_singleprocess_hpc/runs/cogaps_K9_seed1_iter10000.h5ad,results_cogaps_singleprocess_hpc/runs/cogaps_K9_seed1_iter10000.metrics.json
9,2,10000,ok,16494.346694231033,Pattern5,0.7346157293481722,"['ISG15', 'ISG20', 'IFI6', 'IFIT3', 'LY6E', 'IFIT1', 'MX1', 'FTH1', 'SAT1', 'IFIT2', 'IRF7', 'TNFSF10', 'OAS1', 'PLSCR1', 'MT2A', 'BST2', 'EPSTI1', 'IFITM2', 'OASL', 'RSAD2', 'IFI35', 'DYNLT1', 'SOCS1', 'SAMD9L', 'GBP1', 'SELL', 'NT5C3A', 'CARD16', 'CD48', 'DNAJA1', 'DDX58', 'ANXA1', 'CMPK2', 'CLEC2D', 'PLAC8', 'CD74', 'IFITM3', 'CREM', 'GBP4', 'CCR7', 'LAP3', 'CLIC1', 'TYMP', 'CD69', 'APOBEC3G', 'CTSS', 'CLEC2B', 'CASP1', 'IFIH1', 'CXCL10']",results_cogaps_singleprocess_hpc/runs/cogaps_K9_seed2_iter10000.h5ad,results_cogaps_singleprocess_hpc/runs/cogaps_K9_seed2_iter10000.metrics.json
9,3,10000,ok,16170.375165462494,Pattern5,0.7346157293481722,"['ISG15', 'ISG20', 'IFI6', 'IFIT3', 'LY6E', 'IFIT1', 'MX1', 'FTH1', 'SAT1', 'IFIT2', 'IRF7', 'TNFSF10', 'OAS1', 'PLSCR1', 'MT2A', 'BST2', 'EPSTI1', 'IFITM2', 'OASL', 'RSAD2', 'IFI35', 'DYNLT1', 'SOCS1', 'SAMD9L', 'GBP1', 'SELL', 'NT5C3A', 'CARD16', 'CD48', 'DNAJA1', 'DDX58', 'ANXA1', 'CMPK2', 'CLEC2D', 'PLAC8', 'CD74', 'IFITM3', 'CREM', 'GBP4', 'CCR7', 'LAP3', 'CLIC1', 'TYMP', 'CD69', 'APOBEC3G', 'CTSS', 'CLEC2B', 'CASP1', 'IFIH1', 'CXCL10']",results_cogaps_singleprocess_hpc/runs/cogaps_K9_seed3_iter10000.h5ad,results_cogaps_singleprocess_hpc/runs/cogaps_K9_seed3_iter10000.metrics.json
9,4,10000,ok,16980.803788661957,Pattern5,0.7374429271751612,"['ISG15', 'ISG20', 'IFI6', 'IFIT3', 'LY6E', 'IFIT1', 'MX1', 'FTH1', 'IFIT2', 'SAT1', 'IRF7', 'TNFSF10', 'OAS1', 'PLSCR1', 'BST2', 'MT2A', 'EPSTI1', 'RSAD2', 'IFITM2', 'OASL', 'IFI35', 'DYNLT1', 'GBP1', 'SAMD9L', 'SOCS1', 'NT5C3A', 'DNAJA1', 'SELL', 'DDX58', 'CMPK2', 'IFITM3', 'CARD16', 'CD48', 'GBP4', 'LAP3', 'PLAC8', 'CLEC2D', 'CREM', 'CD74', 'TYMP', 'CXCL10', 'CLIC1', 'CCR7', 'CD69', 'APOBEC3G', 'HSP90AA1', 'CTSS', 'ANXA1', 'IFIH1', 'CLEC2B']",results_cogaps_singleprocess_hpc/runs/cogaps_K9_seed4_iter10000.h5ad,results_cogaps_singleprocess_hpc/runs/cogaps_K9_seed4_iter10000.metrics.json
9,5,10000,ok,17082.755046367645,Pattern5,0.7374429271751612,"['ISG15', 'ISG20', 'IFI6', 'IFIT3', 'LY6E', 'IFIT1', 'MX1', 'FTH1', 'IFIT2', 'SAT1', 'IRF7', 'TNFSF10', 'OAS1', 'PLSCR1', 'BST2', 'MT2A', 'EPSTI1', 'RSAD2', 'IFITM2', 'OASL', 'IFI35', 'DYNLT1', 'GBP1', 'SAMD9L', 'SOCS1', 'NT5C3A', 'DNAJA1', 'SELL', 'DDX58', 'CMPK2', 'IFITM3', 'CARD16', 'CD48', 'GBP4', 'LAP3', 'PLAC8', 'CLEC2D', 'CREM', 'CD74', 'TYMP', 'CXCL10', 'CLIC1', 'CCR7', 'CD69', 'APOBEC3G', 'HSP90AA1', 'CTSS', 'ANXA1', 'IFIH1', 'CLEC2B']",results_cogaps_singleprocess_hpc/runs/cogaps_K9_seed5_iter10000.h5ad,results_cogaps_singleprocess_hpc/runs/cogaps_K9_seed5_iter10000.metrics.json
9,1,20000,ok,32777.45240020752,Pattern3,0.7521972715606625,"['ISG15', 'ISG20', 'IFI6', 'IFIT3', 'LY6E', 'IFIT1', 'MX1', 'IFIT2', 'SAT1', 'IRF7', 'TNFSF10', 'OAS1', 'FTH1', 'PLSCR1', 'BST2', 'MT2A', 'EPSTI1', 'RSAD2', 'IFITM2', 'OASL', 'IFI35', 'DYNLT1', 'SAMD9L', 'GBP1', 'NT5C3A', 'SOCS1', 'DNAJA1', 'DDX58', 'IFITM3', 'CMPK2', 'CARD16', 'CD48', 'LAP3', 'SELL', 'GBP4', 'PLAC8', 'CD74', 'TYMP', 'CLEC2D', 'CXCL10', 'CLIC1', 'CREM', 'CD69', 'HSP90AA1', 'CTSS', 'APOBEC3G', 'IFIH1', 'CLEC2B', 'CASP1', 'GBP5']",results_cogaps_singleprocess_hpc/runs/cogaps_K9_seed1_iter20000.h5ad,results_cogaps_singleprocess_hpc/runs/cogaps_K9_seed1_iter20000.metrics.json
9,2,20000,ok,33423.52083992958,Pattern3,0.751210468861708,"['ISG15', 'ISG20', 'IFI6', 'IFIT3', 'LY6E', 'IFIT1', 'MX1', 'FTH1', 'SAT1', 'IFIT2', 'IRF7', 'TNFSF10', 'OAS1', 'MT2A', 'PLSCR1', 'BST2', 'EPSTI1', 'IFITM2', 'RSAD2', 'OASL', 'IFI35', 'DYNLT1', 'HSPA8', 'SOCS1', 'SAMD9L', 'GBP1', 'NT5C3A', 'DNAJA1', 'SELL', 'CARD16', 'CD48', 'DDX58', 'CMPK2', 'PLAC8', 'IFITM3', 'CD74', 'CLEC2D', 'GBP4', 'CLIC1', 'LAP3', 'CREM', 'TYMP', 'CD69', 'HSP90AA1', 'CTSS', 'CLEC2B', 'APOBEC3G', 'HSP90AB1', 'CXCL10', 'IFIH1']",results_cogaps_singleprocess_hpc/runs/cogaps_K9_seed2_iter20000.h5ad,results_cogaps_singleprocess_hpc/runs/cogaps_K9_seed2_iter20000.metrics.json
9,3,20000,ok,34809.73052883148,Pattern3,0.751210468861708,"['ISG15', 'ISG20', 'IFI6', 'IFIT3', 'LY6E', 'IFIT1', 'MX1', 'FTH1', 'SAT1', 'IFIT2', 'IRF7', 'TNFSF10', 'OAS1', 'MT2A', 'PLSCR1', 'BST2', 'EPSTI1', 'IFITM2', 'RSAD2', 'OASL', 'IFI35', 'DYNLT1', 'HSPA8', 'SOCS1', 'SAMD9L', 'GBP1', 'NT5C3A', 'DNAJA1', 'SELL', 'CARD16', 'CD48', 'DDX58', 'CMPK2', 'PLAC8', 'IFITM3', 'CD74', 'CLEC2D', 'GBP4', 'CLIC1', 'LAP3', 'CREM', 'TYMP', 'CD69', 'HSP90AA1', 'CTSS', 'CLEC2B', 'APOBEC3G', 'HSP90AB1', 'CXCL10', 'IFIH1']",results_cogaps_singleprocess_hpc/runs/cogaps_K9_seed3_iter20000.h5ad,results_cogaps_singleprocess_hpc/runs/cogaps_K9_seed3_iter20000.metrics.json
9,4,20000,ok,33269.43306398392,Pattern4,0.7364552183705831,"['ISG15', 'ISG20', 'IFI6', 'LY6E', 'IFIT3', 'IFIT1', 'MX1', 'FTH1', 'SAT1', 'IFIT2', 'IRF7', 'TNFSF10', 'OAS1', 'MT2A', 'PLSCR1', 'BST2', 'EPSTI1', 'IFITM2', 'RSAD2', 'HSPA8', 'OASL', 'IFI35', 'DYNLT1', 'SOCS1', 'SELL', 'GBP1', 'SAMD9L', 'DNAJA1', 'NT5C3A', 'CARD16', 'CD48', 'CLEC2D', 'PLAC8', 'CCR7', 'DDX58', 'CMPK2', 'CD74', 'CREM', 'IFITM3', 'GBP4', 'LAP3', 'CLIC1', 'TYMP', 'CD69', 'HSP90AA1', 'CLEC2B', 'CTSS', 'HSP90AB1', 'APOBEC3G', 'SEC61B']",results_cogaps_singleprocess_hpc/runs/cogaps_K9_seed4_iter20000.h5ad,results_cogaps_singleprocess_hpc/runs/cogaps_K9_seed4_iter20000.metrics.json
9,5,20000,ok,33374.303584098816,Pattern4,0.7364552183705831,"['ISG15', 'ISG20', 'IFI6', 'LY6E', 'IFIT3', 'IFIT1', 'MX1', 'FTH1', 'SAT1', 'IFIT2', 'IRF7', 'TNFSF10', 'OAS1', 'MT2A', 'PLSCR1', 'BST2', 'EPSTI1', 'IFITM2', 'RSAD2', 'HSPA8', 'OASL', 'IFI35', 'DYNLT1', 'SOCS1', 'SELL', 'GBP1', 'SAMD9L', 'DNAJA1', 'NT5C3A', 'CARD16', 'CD48', 'CLEC2D', 'PLAC8', 'CCR7', 'DDX58', 'CMPK2', 'CD74', 'CREM', 'IFITM3', 'GBP4', 'LAP3', 'CLIC1', 'TYMP', 'CD69', 'HSP90AA1', 'CLEC2B', 'CTSS', 'HSP90AB1', 'APOBEC3G', 'SEC61B']",results_cogaps_singleprocess_hpc/runs/cogaps_K9_seed5_iter20000.h5ad,results_cogaps_singleprocess_hpc/runs/cogaps_K9_seed5_iter20000.metrics.json
11,1,2000,ok,3417.935376405716,Pattern10,0.6945237353207733,"['IFIT3', 'IFIT1', 'MX1', 'ISG15', 'IFIT2', 'ISG20', 'SAT1', 'IFI6', 'TNFSF10', 'RSAD2', 'EPSTI1', 'GBP1', 'IRF7', 'PLSCR1', 'OAS1', 'MT2A', 'DYNLT1', 'DNAJA1', 'OASL', 'SOCS1', 'DDX58', 'NT5C3A', 'CMPK2', 'SAMD9L', 'CXCL10', 'GBP4', 'CREM', 'CD69', 'IFI35', 'CARD16', 'IFIH1', 'SELL', 'CD48', 'IFITM2', 'GBP5', 'IFITM3', 'LAP3', 'CD74', 'HSP90AB1', 'CLEC2B', 'BST2', 'ANXA1', 'CASP1', 'FTL', 'KLF6', 'GLRX', 'PLAC8', 'CTSS', 'NPC2', 'TYMP']",results_cogaps_singleprocess_hpc/runs/cogaps_K11_seed1_iter2000.h5ad,results_cogaps_singleprocess_hpc/runs/cogaps_K11_seed1_iter2000.metrics.json
11,2,2000,ok,3470.201469898224,Pattern4,0.7457717988881175,"['ISG15', 'ISG20', 'IFI6', 'IFIT3', 'LY6E', 'IFIT1', 'MX1', 'IFIT2', 'IRF7', 'SAT1', 'TNFSF10', 'OAS1', 'PLSCR1', 'BST2', 'MT2A', 'EPSTI1', 'IFITM2', 'RSAD2', 'OASL', 'IFI35', 'DYNLT1', 'SAMD9L', 'GBP1', 'FTH1', 'SOCS1', 'NT5C3A', 'DDX58', 'CMPK2', 'IFITM3', 'CARD16', 'CD48', 'LAP3', 'DNAJA1', 'GBP4', 'SELL', 'PLAC8', 'CLEC2D', 'TYMP', 'CD74', 'CXCL10', 'APOBEC3G', 'CLIC1', 'CD69', 'CTSS', 'CREM', 'IFIH1', 'CLEC2B', 'CASP1', 'GBP5', 'SEC61B']",results_cogaps_singleprocess_hpc/runs/cogaps_K11_seed2_iter2000.h5ad,results_cogaps_singleprocess_hpc/runs/cogaps_K11_seed2_iter2000.metrics.json
11,3,2000,ok,3574.241107940674,Pattern4,0.7457717988881175,"['ISG15', 'ISG20', 'IFI6', 'IFIT3', 'LY6E', 'IFIT1', 'MX1', 'IFIT2', 'IRF7', 'SAT1', 'TNFSF10', 'OAS1', 'PLSCR1', 'BST2', 'MT2A', 'EPSTI1', 'IFITM2', 'RSAD2', 'OASL', 'IFI35', 'DYNLT1', 'SAMD9L', 'GBP1', 'FTH1', 'SOCS1', 'NT5C3A', 'DDX58', 'CMPK2', 'IFITM3', 'CARD16', 'CD48', 'LAP3', 'DNAJA1', 'GBP4', 'SELL', 'PLAC8', 'CLEC2D', 'TYMP', 'CD74', 'CXCL10', 'APOBEC3G', 'CLIC1', 'CD69', 'CTSS', 'CREM', 'IFIH1', 'CLEC2B', 'CASP1', 'GBP5', 'SEC61B']",results_cogaps_singleprocess_hpc/runs/cogaps_K11_seed3_iter2000.h5ad,results_cogaps_singleprocess_hpc/runs/cogaps_K11_seed3_iter2000.metrics.json
11,4,2000,ok,3518.033802509308,Pattern6,0.7383659814066758,"['ISG15', 'ISG20', 'IFI6', 'IFIT3', 'LY6E', 'IFIT1', 'MX1', 'FTH1', 'IFIT2', 'SAT1', 'IRF7', 'TNFSF10', 'OAS1', 'PLSCR1', 'MT2A', 'BST2', 'EPSTI1', 'IFITM2', 'OASL', 'RSAD2', 'IFI35', 'DYNLT1', 'SAMD9L', 'SOCS1', 'GBP1', 'NT5C3A', 'CARD16', 'CD48', 'DDX58', 'SELL', 'CMPK2', 'IFITM3', 'PLAC8', 'CD74', 'CLEC2D', 'DNAJA1', 'GBP4', 'LAP3', 'ANXA1', 'TYMP', 'CLIC1', 'CREM', 'CD69', 'CTSS', 'HSPA8', 'CLEC2B', 'APOBEC3G', 'CASP1', 'IFIH1', 'CXCL10']",results_cogaps_singleprocess_hpc/runs/cogaps_K11_seed4_iter2000.h5ad,results_cogaps_singleprocess_hpc/runs/cogaps_K11_seed4_iter2000.metrics.json
11,5,2000,ok,3637.763062953949,Pattern6,0.7383659814066758,"['ISG15', 'ISG20', 'IFI6', 'IFIT3', 'LY6E', 'IFIT1', 'MX1', 'FTH1', 'IFIT2', 'SAT1', 'IRF7', 'TNFSF10', 'OAS1', 'PLSCR1', 'MT2A', 'BST2', 'EPSTI1', 'IFITM2', 'OASL', 'RSAD2', 'IFI35', 'DYNLT1', 'SAMD9L', 'SOCS1', 'GBP1', 'NT5C3A', 'CARD16', 'CD48', 'DDX58', 'SELL', 'CMPK2', 'IFITM3', 'PLAC8', 'CD74', 'CLEC2D', 'DNAJA1', 'GBP4', 'LAP3', 'ANXA1', 'TYMP', 'CLIC1', 'CREM', 'CD69', 'CTSS', 'HSPA8', 'CLEC2B', 'APOBEC3G', 'CASP1', 'IFIH1', 'CXCL10']",results_cogaps_singleprocess_hpc/runs/cogaps_K11_seed5_iter2000.h5ad,results_cogaps_singleprocess_hpc/runs/cogaps_K11_seed5_iter2000.metrics.json
11,1,10000,ok,18638.9618165493,Pattern10,0.524749722050032,"['ISG15', 'ISG20', 'ANXA1', 'IFI6', 'LY6E', 'FTH1', 'IFIT1', 'MX1', 'IFIT3', 'MT2A', 'OASL', 'SAT1', 'OAS1', 'BST2', 'IRF7', 'PLSCR1', 'IFIT2', 'IFITM2', 'APOBEC3G', 'TNFSF10', 'GAPDH', 'CCL5', 'IFI35', 'NKG7', 'RSAD2', 'CARD16', 'DYNLT1', 'EPSTI1', 'ALOX5AP', 'SAMD9L', 'PRF1', 'GZMB', 'S100A11', 'SH3BGRL3', 'FTL', 'TYMP', 'CST7', 'SOCS1', 'GNLY', 'CLIC1', 'CD48', 'HSPA8', 'CREM', 'CD74', 'CLEC2B', 'DDX58', 'CD69', 'ACTG1', 'NT5C3A', 'CLEC2D']",results_cogaps_singleprocess_hpc/runs/cogaps_K11_seed1_iter10000.h5ad,results_cogaps_singleprocess_hpc/runs/cogaps_K11_seed1_iter10000.metrics.json
11,2,10000,ok,18563.0597345829,Pattern7,0.7478780050758488,"['ISG15', 'ISG20', 'IFI6', 'IFIT3', 'LY6E', 'IFIT1', 'MX1', 'IFIT2', 'IRF7', 'SAT1', 'TNFSF10', 'OAS1', 'PLSCR1', 'BST2', 'MT2A', 'EPSTI1', 'IFITM2', 'RSAD2', 'OASL', 'IFI35', 'DYNLT1', 'SAMD9L', 'GBP1', 'FTH1', 'SOCS1', 'NT5C3A', 'DDX58', 'CMPK2', 'IFITM3', 'CARD16', 'CD48', 'LAP3', 'DNAJA1', 'GBP4', 'SELL', 'PLAC8', 'CLEC2D', 'TYMP', 'CD74', 'CXCL10', 'APOBEC3G', 'CLIC1', 'CREM', 'CD69', 'CTSS', 'IFIH1', 'CLEC2B', 'CASP1', 'SEC61B', 'GBP5']",results_cogaps_singleprocess_hpc/runs/cogaps_K11_seed2_iter10000.h5ad,results_cogaps_singleprocess_hpc/runs/cogaps_K11_seed2_iter10000.metrics.json
11,3,10000,ok,18204.35184454918,Pattern7,0.7478780050758488,"['ISG15', 'ISG20', 'IFI6', 'IFIT3', 'LY6E', 'IFIT1', 'MX1', 'IFIT2', 'IRF7', 'SAT1', 'TNFSF10', 'OAS1', 'PLSCR1', 'BST2', 'MT2A', 'EPSTI1', 'IFITM2', 'RSAD2', 'OASL', 'IFI35', 'DYNLT1', 'SAMD9L', 'GBP1', 'FTH1', 'SOCS1', 'NT5C3A', 'DDX58', 'CMPK2', 'IFITM3', 'CARD16', 'CD48', 'LAP3', 'DNAJA1', 'GBP4', 'SELL', 'PLAC8', 'CLEC2D', 'TYMP', 'CD74', 'CXCL10', 'APOBEC3G', 'CLIC1', 'CREM', 'CD69', 'CTSS', 'IFIH1', 'CLEC2B', 'CASP1', 'SEC61B', 'GBP5']",results_cogaps_singleprocess_hpc/runs/cogaps_K11_seed3_iter10000.h5ad,results_cogaps_singleprocess_hpc/runs/cogaps_K11_seed3_iter10000.metrics.json
11,4,10000,ok,19076.961364269257,Pattern6,0.7470995299817007,"['ISG15', 'ISG20', 'IFI6', 'IFIT3', 'LY6E', 'IFIT1', 'MX1', 'IFIT2', 'SAT1', 'IRF7', 'TNFSF10', 'OAS1', 'PLSCR1', 'MT2A', 'BST2', 'FTH1', 'EPSTI1', 'IFITM2', 'RSAD2', 'OASL', 'IFI35', 'DYNLT1', 'SAMD9L', 'SOCS1', 'GBP1', 'NT5C3A', 'CARD16', 'DDX58', 'CD48', 'CMPK2', 'IFITM3', 'SELL', 'PLAC8', 'DNAJA1', 'CD74', 'GBP4', 'CLEC2D', 'LAP3', 'TYMP', 'CLIC1', 'CD69', 'CTSS', 'HSPA8', 'CREM', 'APOBEC3G', 'CLEC2B', 'CXCL10', 'IFIH1', 'CASP1', 'PMAIP1']",results_cogaps_singleprocess_hpc/runs/cogaps_K11_seed4_iter10000.h5ad,results_cogaps_singleprocess_hpc/runs/cogaps_K11_seed4_iter10000.metrics.json
11,5,10000,ok,20955.73774909973,Pattern6,0.7470995299817007,"['ISG15', 'ISG20', 'IFI6', 'IFIT3', 'LY6E', 'IFIT1', 'MX1', 'IFIT2', 'SAT1', 'IRF7', 'TNFSF10', 'OAS1', 'PLSCR1', 'MT2A', 'BST2', 'FTH1', 'EPSTI1', 'IFITM2', 'RSAD2', 'OASL', 'IFI35', 'DYNLT1', 'SAMD9L', 'SOCS1', 'GBP1', 'NT5C3A', 'CARD16', 'DDX58', 'CD48', 'CMPK2', 'IFITM3', 'SELL', 'PLAC8', 'DNAJA1', 'CD74', 'GBP4', 'CLEC2D', 'LAP3', 'TYMP', 'CLIC1', 'CD69', 'CTSS', 'HSPA8', 'CREM', 'APOBEC3G', 'CLEC2B', 'CXCL10', 'IFIH1', 'CASP1', 'PMAIP1']",results_cogaps_singleprocess_hpc/runs/cogaps_K11_seed5_iter10000.h5ad,results_cogaps_singleprocess_hpc/runs/cogaps_K11_seed5_iter10000.metrics.json
11,1,20000,ok,38688.00797009468,Pattern5,0.7422698569311367,"['ISG15', 'ISG20', 'IFI6', 'IFIT3', 'LY6E', 'IFIT1', 'MX1', 'FTH1', 'IFIT2', 'SAT1', 'IRF7', 'TNFSF10', 'OAS1', 'PLSCR1', 'MT2A', 'BST2', 'EPSTI1', 'IFITM2', 'OASL', 'RSAD2', 'IFI35', 'DYNLT1', 'SAMD9L', 'SOCS1', 'GBP1', 'NT5C3A', 'CARD16', 'DDX58', 'CD48', 'CMPK2', 'SELL', 'IFITM3', 'CD74', 'PLAC8', 'CLEC2D', 'DNAJA1', 'GBP4', 'LAP3', 'TYMP', 'CLIC1', 'CREM', 'CD69', 'HSPA8', 'CTSS', 'APOBEC3G', 'CLEC2B', 'ANXA1', 'CASP1', 'IFIH1', 'CXCL10']",results_cogaps_singleprocess_hpc/runs/cogaps_K11_seed1_iter20000.h5ad,results_cogaps_singleprocess_hpc/runs/cogaps_K11_seed1_iter20000.metrics.json
11,2,20000,ok,39644.15896344185,Pattern5,0.7332247881401159,"['ISG15', 'ISG20', 'IFI6', 'IFIT3', 'LY6E', 'IFIT1', 'MX1', 'FTH1', 'IFIT2', 'SAT1', 'IRF7', 'TNFSF10', 'OAS1', 'PLSCR1', 'MT2A', 'BST2', 'EPSTI1', 'IFITM2', 'OASL', 'RSAD2', 'IFI35', 'DYNLT1', 'SOCS1', 'SAMD9L', 'GBP1', 'SELL', 'NT5C3A', 'CARD16', 'CD48', 'DDX58', 'CMPK2', 'PLAC8', 'CLEC2D', 'CD74', 'GBP4', 'IFITM3', 'DNAJA1', 'CCR7', 'LAP3', 'ANXA1', 'TYMP', 'CLIC1', 'CTSS', 'CREM', 'CD69', 'CLEC2B', 'APOBEC3G', 'HSPA8', 'CASP1', 'PFN1']",results_cogaps_singleprocess_hpc/runs/cogaps_K11_seed2_iter20000.h5ad,results_cogaps_singleprocess_hpc/runs/cogaps_K11_seed2_iter20000.metrics.json
11,3,20000,ok,39236.772347688675,Pattern5,0.7332247881401159,"['ISG15', 'ISG20', 'IFI6', 'IFIT3', 'LY6E', 'IFIT1', 'MX1', 'FTH1', 'IFIT2', 'SAT1', 'IRF7', 'TNFSF10', 'OAS1', 'PLSCR1', 'MT2A', 'BST2', 'EPSTI1', 'IFITM2', 'OASL', 'RSAD2', 'IFI35', 'DYNLT1', 'SOCS1', 'SAMD9L', 'GBP1', 'SELL', 'NT5C3A', 'CARD16', 'CD48', 'DDX58', 'CMPK2', 'PLAC8', 'CLEC2D', 'CD74', 'GBP4', 'IFITM3', 'DNAJA1', 'CCR7', 'LAP3', 'ANXA1', 'TYMP', 'CLIC1', 'CTSS', 'CREM', 'CD69', 'CLEC2B', 'APOBEC3G', 'HSPA8', 'CASP1', 'PFN1']",results_cogaps_singleprocess_hpc/runs/cogaps_K11_seed3_iter20000.h5ad,results_cogaps_singleprocess_hpc/runs/cogaps_K11_seed3_iter20000.metrics.json
11,4,20000,ok,39583.93343758583,Pattern2,0.7384949949624074,"['ISG15', 'ISG20', 'IFI6', 'IFIT3', 'LY6E', 'IFIT1', 'MX1', 'IFIT2', 'SAT1', 'IRF7', 'FTH1', 'TNFSF10', 'OAS1', 'PLSCR1', 'MT2A', 'BST2', 'EPSTI1', 'IFITM2', 'OASL', 'RSAD2', 'IFI35', 'DYNLT1', 'SAMD9L', 'SOCS1', 'GBP1', 'NT5C3A', 'CARD16', 'DDX58', 'CD48', 'CMPK2', 'SELL', 'IFITM3', 'CD74', 'PLAC8', 'DNAJA1', 'CLEC2D', 'GBP4', 'LAP3', 'TYMP', 'CLIC1', 'CREM', 'CD69', 'CTSS', 'APOBEC3G', 'HSPA8', 'CLEC2B', 'IFIH1', 'CXCL10', 'CASP1', 'PMAIP1']",results_cogaps_singleprocess_hpc/runs/cogaps_K11_seed4_iter20000.h5ad,results_cogaps_singleprocess_hpc/runs/cogaps_K11_seed4_iter20000.metrics.json
11,5,20000,ok,42311.94060206413,Pattern2,0.7384949949624074,"['ISG15', 'ISG20', 'IFI6', 'IFIT3', 'LY6E', 'IFIT1', 'MX1', 'IFIT2', 'SAT1', 'IRF7', 'FTH1', 'TNFSF10', 'OAS1', 'PLSCR1', 'MT2A', 'BST2', 'EPSTI1', 'IFITM2', 'OASL', 'RSAD2', 'IFI35', 'DYNLT1', 'SAMD9L', 'SOCS1', 'GBP1', 'NT5C3A', 'CARD16', 'DDX58', 'CD48', 'CMPK2', 'SELL', 'IFITM3', 'CD74', 'PLAC8', 'DNAJA1', 'CLEC2D', 'GBP4', 'LAP3', 'TYMP', 'CLIC1', 'CREM', 'CD69', 'CTSS', 'APOBEC3G', 'HSPA8', 'CLEC2B', 'IFIH1', 'CXCL10', 'CASP1', 'PMAIP1']",results_cogaps_singleprocess_hpc/runs/cogaps_K11_seed5_iter20000.h5ad,results_cogaps_singleprocess_hpc/runs/cogaps_K11_seed5_iter20000.metrics.json
13,1,2000,ok,3675.9784581661224,Pattern6,0.7411330100139922,"['IFIT3', 'IFIT1', 'ISG15', 'IFI6', 'ISG20', 'IFIT2', 'SAT1', 'TNFSF10', 'RSAD2', 'MT2A', 'IRF7', 'OAS1', 'OASL', 'GBP1', 'EPSTI1', 'SOCS1', 'PLSCR1', 'NT5C3A', 'DYNLT1', 'CMPK2', 'DDX58', 'CARD16', 'FTH1', 'CXCL10', 'SAMD9L', 'GBP4', 'CREM', 'DNAJA1', 'CD48', 'BST2', 'CD69', 'IFI35', 'SELL', 'IFIH1', 'PLAC8', 'IFITM2', 'LY6E', 'CD74', 'CTSS', 'CASP1', 'KLF6', 'GBP5', 'ANXA1', 'IFITM3', 'LAP3', 'CLEC2B', 'GLRX', 'TYMP', 'NEXN', 'CFLAR']",results_cogaps_singleprocess_hpc/runs/cogaps_K13_seed1_iter2000.h5ad,results_cogaps_singleprocess_hpc/runs/cogaps_K13_seed1_iter2000.metrics.json
13,2,2000,ok,3513.8351843357086,Pattern5,0.7427977180992964,"['ISG15', 'ISG20', 'IFI6', 'LY6E', 'IFIT3', 'IFIT1', 'MX1', 'IFIT2', 'SAT1', 'IRF7', 'OAS1', 'TNFSF10', 'PLSCR1', 'MT2A', 'BST2', 'EPSTI1', 'IFITM2', 'RSAD2', 'OASL', 'IFI35', 'DYNLT1', 'FTH1', 'SAMD9L', 'SOCS1', 'GBP1', 'NT5C3A', 'CARD16', 'DDX58', 'CD48', 'CMPK2', 'HSPA8', 'DNAJA1', 'IFITM3', 'SELL', 'PLAC8', 'CLEC2D', 'GBP4', 'LAP3', 'CD74', 'TYMP', 'ANXA1', 'CLIC1', 'CD69', 'CTSS', 'CREM', 'CLEC2B', 'IFIH1', 'CASP1', 'APOBEC3G', 'CXCL10']",results_cogaps_singleprocess_hpc/runs/cogaps_K13_seed2_iter2000.h5ad,results_cogaps_singleprocess_hpc/runs/cogaps_K13_seed2_iter2000.metrics.json
13,3,2000,ok,3841.814446926117,Pattern5,0.7427977180992964,"['ISG15', 'ISG20', 'IFI6', 'LY6E', 'IFIT3', 'IFIT1', 'MX1', 'IFIT2', 'SAT1', 'IRF7', 'OAS1', 'TNFSF10', 'PLSCR1', 'MT2A', 'BST2', 'EPSTI1', 'IFITM2', 'RSAD2', 'OASL', 'IFI35', 'DYNLT1', 'FTH1', 'SAMD9L', 'SOCS1', 'GBP1', 'NT5C3A', 'CARD16', 'DDX58', 'CD48', 'CMPK2', 'HSPA8', 'DNAJA1', 'IFITM3', 'SELL', 'PLAC8', 'CLEC2D', 'GBP4', 'LAP3', 'CD74', 'TYMP', 'ANXA1', 'CLIC1', 'CD69', 'CTSS', 'CREM', 'CLEC2B', 'IFIH1', 'CASP1', 'APOBEC3G', 'CXCL10']",results_cogaps_singleprocess_hpc/runs/cogaps_K13_seed3_iter2000.h5ad,results_cogaps_singleprocess_hpc/runs/cogaps_K13_seed3_iter2000.metrics.json
13,4,2000,ok,4105.180557250977,Pattern8,0.7037202178879317,"['ISG15', 'ISG20', 'IFI6', 'LY6E', 'IFIT3', 'IFIT1', 'FTH1', 'MX1', 'IFIT2', 'MT2A', 'TNFSF10', 'OAS1', 'BST2', 'RSAD2', 'IFITM2', 'CARD16', 'SELL', 'OASL', 'DYNLT1', 'CD48', 'ANXA1', 'IFITM3', 'SOCS1', 'IFI35', 'PLAC8', 'CD74', 'CLEC2D', 'HSPA8', 'CCR7', 'PLSCR1', 'GBP1', 'CXCL10', 'CMPK2', 'NT5C3A', 'SAMD9L', 'DDX58', 'TYMP', 'CTSS', 'PFN1', 'EPSTI1', 'CLEC2B', 'PRF1', 'LTB', 'GBP4', 'GLRX', 'TARBP1', 'ATP6V1F', 'CD69', 'S100A11', 'COX5A']",results_cogaps_singleprocess_hpc/runs/cogaps_K13_seed4_iter2000.h5ad,results_cogaps_singleprocess_hpc/runs/cogaps_K13_seed4_iter2000.metrics.json
13,5,2000,ok,4429.6042766571045,Pattern8,0.7037202178879317,"['ISG15', 'ISG20', 'IFI6', 'LY6E', 'IFIT3', 'IFIT1', 'FTH1', 'MX1', 'IFIT2', 'MT2A', 'TNFSF10', 'OAS1', 'BST2', 'RSAD2', 'IFITM2', 'CARD16', 'SELL', 'OASL', 'DYNLT1', 'CD48', 'ANXA1', 'IFITM3', 'SOCS1', 'IFI35', 'PLAC8', 'CD74', 'CLEC2D', 'HSPA8', 'CCR7', 'PLSCR1', 'GBP1', 'CXCL10', 'CMPK2', 'NT5C3A', 'SAMD9L', 'DDX58', 'TYMP', 'CTSS', 'PFN1', 'EPSTI1', 'CLEC2B', 'PRF1', 'LTB', 'GBP4', 'GLRX', 'TARBP1', 'ATP6V1F', 'CD69', 'S100A11', 'COX5A']",results_cogaps_singleprocess_hpc/runs/cogaps_K13_seed5_iter2000.h5ad,results_cogaps_singleprocess_hpc/runs/cogaps_K13_seed5_iter2000.metrics.json
13,1,10000,ok,20852.86613726616,Pattern12,0.6966918402622426,"['IFIT3', 'IFIT1', 'MX1', 'ISG15', 'IFIT2', 'ISG20', 'SAT1', 'IFI6', 'TNFSF10', 'RSAD2', 'EPSTI1', 'IRF7', 'GBP1', 'PLSCR1', 'OAS1', 'MT2A', 'DYNLT1', 'OASL', 'SOCS1', 'DDX58', 'NT5C3A', 'CMPK2', 'DNAJA1', 'SAMD9L', 'GBP4', 'CXCL10', 'CREM', 'IFI35', 'CD69', 'CARD16', 'IFIH1', 'CD48', 'IFITM2', 'SELL', 'GBP5', 'LAP3', 'CD74', 'IFITM3', 'BST2', 'PLAC8', 'CLEC2B', 'CASP1', 'CTSS', 'TYMP', 'NPC2', 'GLRX', 'RTCB', 'KLF6', 'NEXN', 'SPATS2L']",results_cogaps_singleprocess_hpc/runs/cogaps_K13_seed1_iter10000.h5ad,results_cogaps_singleprocess_hpc/runs/cogaps_K13_seed1_iter10000.metrics.json
13,2,10000,ok,21395.416576623917,Pattern5,0.737023854096184,"['ISG15', 'ISG20', 'IFI6', 'LY6E', 'IFIT3', 'IFIT1', 'MX1', 'SAT1', 'IFIT2', 'IRF7', 'OAS1', 'TNFSF10', 'PLSCR1', 'MT2A', 'BST2', 'EPSTI1', 'IFITM2', 'RSAD2', 'IFI35', 'OASL', 'DYNLT1', 'FTH1', 'SAMD9L', 'SOCS1', 'GBP1', 'NT5C3A', 'CARD16', 'CD48', 'DDX58', 'CMPK2', 'SELL', 'CLEC2D', 'PLAC8', 'IFITM3', 'DNAJA1', 'LAP3', 'GBP4', 'CD74', 'TYMP', 'CREM', 'CD69', 'CTSS', 'APOBEC3G', 'CLIC1', 'CLEC2B', 'SEC61B', 'IFIH1', 'CASP1', 'PFN1', 'PMAIP1']",results_cogaps_singleprocess_hpc/runs/cogaps_K13_seed2_iter10000.h5ad,results_cogaps_singleprocess_hpc/runs/cogaps_K13_seed2_iter10000.metrics.json
13,3,10000,ok,20180.600237607956,Pattern5,0.737023854096184,"['ISG15', 'ISG20', 'IFI6', 'LY6E', 'IFIT3', 'IFIT1', 'MX1', 'SAT1', 'IFIT2', 'IRF7', 'OAS1', 'TNFSF10', 'PLSCR1', 'MT2A', 'BST2', 'EPSTI1', 'IFITM2', 'RSAD2', 'IFI35', 'OASL', 'DYNLT1', 'FTH1', 'SAMD9L', 'SOCS1', 'GBP1', 'NT5C3A', 'CARD16', 'CD48', 'DDX58', 'CMPK2', 'SELL', 'CLEC2D', 'PLAC8', 'IFITM3', 'DNAJA1', 'LAP3', 'GBP4', 'CD74', 'TYMP', 'CREM', 'CD69', 'CTSS', 'APOBEC3G', 'CLIC1', 'CLEC2B', 'SEC61B', 'IFIH1', 'CASP1', 'PFN1', 'PMAIP1']",results_cogaps_singleprocess_hpc/runs/cogaps_K13_seed3_iter10000.h5ad,results_cogaps_singleprocess_hpc/runs/cogaps_K13_seed3_iter10000.metrics.json
13,4,10000,ok,20705.644107341766,Pattern12,0.699108032647924,"['IFIT3', 'IFIT1', 'MX1', 'ISG15', 'IFIT2', 'ISG20', 'SAT1', 'IFI6', 'TNFSF10', 'RSAD2', 'EPSTI1', 'GBP1', 'IRF7', 'PLSCR1', 'OAS1', 'DYNLT1', 'SOCS1', 'MT2A', 'OASL', 'CMPK2', 'DDX58', 'DNAJA1', 'NT5C3A', 'CREM', 'SAMD9L', 'GBP4', 'CXCL10', 'CD69', 'IFIH1', 'IFI35', 'CARD16', 'SELL', 'CD48', 'IFITM2', 'LAP3', 'GBP5', 'PLAC8', 'CASP1', 'KLF6', 'BST2', 'IFITM3', 'TYMP', 'CLEC2B', 'CTSS', 'CD74', 'ACTB', 'TANK', 'RTCB', 'GLRX', 'NPC2']",results_cogaps_singleprocess_hpc/runs/cogaps_K13_seed4_iter10000.h5ad,results_cogaps_singleprocess_hpc/runs/cogaps_K13_seed4_iter10000.metrics.json
13,5,10000,ok,21536.8709628582,Pattern12,0.699108032647924,"['IFIT3', 'IFIT1', 'MX1', 'ISG15', 'IFIT2', 'ISG20', 'SAT1', 'IFI6', 'TNFSF10', 'RSAD2', 'EPSTI1', 'GBP1', 'IRF7', 'PLSCR1', 'OAS1', 'DYNLT1', 'SOCS1', 'MT2A', 'OASL', 'CMPK2', 'DDX58', 'DNAJA1', 'NT5C3A', 'CREM', 'SAMD9L', 'GBP4', 'CXCL10', 'CD69', 'IFIH1', 'IFI35', 'CARD16', 'SELL', 'CD48', 'IFITM2', 'LAP3', 'GBP5', 'PLAC8', 'CASP1', 'KLF6', 'BST2', 'IFITM3', 'TYMP', 'CLEC2B', 'CTSS', 'CD74', 'ACTB', 'TANK', 'RTCB', 'GLRX', 'NPC2']",results_cogaps_singleprocess_hpc/runs/cogaps_K13_seed5_iter10000.h5ad,results_cogaps_singleprocess_hpc/runs/cogaps_K13_seed5_iter10000.metrics.json
